<?xml version="1.0" encoding="UTF-8"?>
<!DOCTYPE mapper PUBLIC "-//mybatis.org//DTD Mapper 3.0//EN" "http://mybatis.org/dtd/mybatis-3-mapper.dtd">

<mapper namespace="Board">
	<select id="count" resultType="int">
		select count(*) from board
	</select>
	<select id="selectPage" parameterType="int" resultType="com.board.db.BoardpDto">
		<![CDATA[
		select * FROM (select rownum as rn,b.* from (select * from board order by num desc) b where rownum<#{num}+5) where rn>=#{num}
		]]>
	</select>
	<select id="selectOne" parameterType="int" resultType="com.board.db.BoardDto">
		select * from board where num=#{num}
	</select>
	<update id="updateHits" parameterType="int">
		update board set hits=hits+1 where num=#{num}
	</update>
	<update id="updateBoard" parameterType="com.board.db.BoardDto">
		update board set writer=#{writer},title=#{title},content=#{content},
		regtime=#{regtime},hits=0 where num=#{num}
	</update> 
	<insert id="insertBoard" parameterType="com.board.db.BoardDto">
		insert into board (num ,writer,title,content,regtime,hits)
		values (board_a.nextval,#{writer},#{title},#{content},#{regtime},0)
	</insert>
	<delete id="deleteBoard" parameterType="int">
		delete from board where num=#{num}
	</delete>
</mapper>