<?xml version="1.0" encoding="UTF-8"?>
<!DOCTYPE mapper PUBLIC "-//mybatis.org//DTD Mapper 3.0//EN" "http://mybatis.org/dtd/mybatis-3-mapper.dtd">

<mapper namespace="Cart">
	<select id="showCart" resultType="com.board.db.cartpDTO">
		SELECT c.id,c.product_id,p.name,p.description,p.price,p.stock,c.quantity FROM
		products p,cart c where p.id=c.product_id order by c.id desc
	</select>

	<select id="selectStock" parameterType="int" resultType="int">
		SELECT p.stock FROM products p,cart c where p.id=c.product_id and
		c.id=#{id}
	</select>

	<select id="selectQuantity" parameterType="int" resultType="int">
		SELECT c.quantity FROM products p,cart c where p.id=c.product_id and
		c.id=#{id}
	</select>
	
	<select id="check" parameterType="int" resultType="int">
			select count(*) from cart where product_id=#{product_id}
	</select>
	
	<insert id="insertCart" parameterType="int">
		INSERT INTO cart (id,product_id,quantity)
		VALUES (cart_a.nextval,#{product_id},1)
	</insert>

	<update id="plusQuantity" parameterType="int">
		UPDATE cart
		SET quantity=quantity+1
		WHERE id=#{id}
	</update>

	<update id="minusQuantity" parameterType="int">
		UPDATE cart
		SET quantity=quantity-1
		WHERE id=#{id}
	</update>

	<delete id="deleteCart" parameterType="int">
		DELETE FROM cart WHERE id=#{id}
	</delete>

	<delete id="deleteAll">
		DELETE FROM cart
	</delete>

</mapper>