<?xml version="1.0" encoding="UTF-8"?>
<!DOCTYPE mapper PUBLIC "-//mybatis.org//DTD Mapper 3.0//EN" "http://mybatis.org/dtd/mybatis-3-mapper.dtd">

<mapper namespace="File">
	<select id="showFiles" parameterType="int" resultType="com.board.db.filepDTO">
		<![CDATA[select * from (select rownum as rn,f.* from (select * from webhard order by num desc) f where rownum<#{num}+10) where rn >=#{num}]]>
	</select>
	<select id="count" resultType="int">
		select count(*) from webhard
	</select>
	<select id="selectFile" parameterType="int" resultType="com.board.db.fileDTO">
		select * from webhard where num=#{num}
	</select>
	<insert id="insertFiles" parameterType="com.board.db.fileDTO">
		insert into webhard (num,fname,ftime,fsize) values
		(file_a.nextval,#{fname},#{ftime},#{fsize})
	</insert>
	<delete id="deleteFiles" parameterType="int">
		delete from webhard where num=#{num}
	</delete>
</mapper>